y,x,,
1104501.95559,3107959.70643,,
1104685.66986,3108046.16836,,
1104852.45012,3108102.30773,,
1105018.14319,3108180.51002,,
1105215.29733,3108293.43805,,
1105368.32887,3108404.19159,,
1105456.26371,3108489.62002,,
1105548.05675,3108571.55281,,
1105655.21035,3108649.16163,,
1105743.71064,3108699.88654,,
1105823.81571,3108746.76345,,
1105897.91399,3108776.17326,,
1106035.72545,3108801.85593,,
1106146.02335,3108793.55702,,
1106205.4426,3108772.44695,,
1106293.95658,3108718.42893,,
1106344.36557,3108671.11775,,
1106384.83523,3108616.44802,,
1106427.6933,3108548.15901,,
1106458.47689,3108480.99178,,
1106478.98327,3108413.31786,,
1106489.128,3108346.85024,,
1106495.59363,3108285.3526,,
1106499.39343,3108208.26945,,
1106500.22079,3108086.29721,,
1106491.46787,3107966.93897,,
1106479.90005,3107867.5681,,
1106472.06039,3107795.77029,,
1106460.87277,3107725.65945,,
1106454.75897,3107672.38691,,
1106444.68198,3107617.00102,,
1106418.50471,3107503.56159,,
1106414.2337,3107492.06236,,
1106311.4202,3107249.43824,,
1106261.16719,3107154.23759,,
1106202.09659,3107063.75392,,
1106128.36992,3106957.09421,,
1106087.82764,3106908.73449,,
1106063.7386,3106874.92242,,
1106023.3651,3106823.1369,,
1105971.08606,3106769.04771,,
1105920.77306,3106709.90415,,
1105847.07102,3106637.58855,,
1105786.05895,3106586.50356,,
1105646.90646,3106483.48995,,
1105514.26787,3106387.66606,,
1105469.45596,3106356.26769,,
1105407.51572,3106324.02551,,
1105248.61924,3106273.27002,,
1105187.71688,3106254.81583,,
1105103.42571,3106223.18982,,
1105038.22886,3106187.35332,,
1104973.70714,3106137.81349,,
1104912.94863,3106081.59083,,
1104859.37893,3106018.85409,,
1104810.41619,3105932.30532,,
1104756.1209,3105814.58665,,
1104722.71676,3105691.02892,,
1104710.84508,3105618.32706,,
1104703.09933,3105566.43332,,
1104703.80782,3105482.33162,,
1104708.38916,3105424.17678,,
1104718.10891,3105366.27501,,
1104733.22015,3105303.48754,,
1104744.48389,3105249.09593,,
1104762.93631,3105188.19004,,
1104819.46692,3105086.23256,,
1104887.81846,3104988.29121,,
1104950.97282,3104926.15239,,
1105022.94439,3104859.29641,,
1105064.16949,3104825.81979,,
1105302.74005,3104651.57079,,
1105409.55887,3104574.41047,,
1105552.51609,3104495.59519,,
1105723.13205,3104412.99016,,
1105728.27059,3104413.24318,,
1105812.59576,3104374.46776,,
1106073.79868,3104265.41442,,
1106177.13429,3104224.14039,,
1106310.179,3104172.30919,,
1106486.80455,3104107.16941,,
1106648.54685,3104065.33622,,
1106844.04093,3104035.46726,,
1107041.10594,3104043.45232,,
1107207.53444,3104080.83747,,
1107355.56939,3104143.07425,,
1107471.05971,3104203.70892,,
1107656.80478,3104302.14582,,
1107796.72372,3104389.74108,,
1107927.6566,3104485.47997,,
1108139.56956,3104645.30733,,
1108404.3557,3104847.23417,,
1108572.38269,3104956.82171,,
1108766.52552,3105059.11005,,
1108933.68379,3105151.48408,,
1109063.38549,3105202.51859,,
1109197.86315,3105226.31353,,
1109292.41184,3105224.10138,,
1109425.48892,3105206.61486,,
1109561.0385,3105173.79528,,
1109642.5591,3105157.20381,,
1109758.33867,3105142.29954,,
1109820.51089,3105135.05829,,
1109879.1729,3105129.36136,,
1109999.5855,3105124.98838,,
1110062.88032,3105129.82281,,
1110137.5753,3105147.23917,,
1110198.65108,3105162.2676,,
1110291.76688,3105189.17731,,
1110350.79236,3105210.97369,,
1110387.46502,3105233.38642,,
1110423.80022,3105262.65142,,
1110457.91623,3105302.11045,,
1110484.67414,3105351.51042,,
1110492.4207,3105403.4085,,
1110488.3961,3105519.98109,,
1110470.92075,3105630.73948,,
1110435.90473,3105764.13495,,
1110387.99796,3105954.64319,,
1110323.16592,3106190.14228,,
1110262.66247,3106372.62062,,
1110255.18539,3106454.67847,,
1110269.1921,3106518.90547,,
1110285.84014,3106564.37328,,
1110332.64613,3106625.06474,,
1110375.07288,3106670.08557,,
1110416.79955,3106694.46535,,
1110486.88689,3106735.69754,,
1110579.74923,3106767.74868,,
1110678.42586,3106786.3486,,
1110743.68737,3106786.12981,,
1110942.95786,3106749.58337,,
1111049.72823,3106708.47897,,
1111200.9269,3106636.936,,
1111342.43877,3106552.89475,,
1111438.31599,3106488.92892,,
1111628.58586,3106321.4269,,
1111685.06447,3106255.51947,,
1111765.92185,3106147.88169,,
1111825.2949,3106058.07505,,
1111942.66535,3105871.52454,,
1112011.08421,3105737.51436,,
1112081.33386,3105531.46928,,
1112089.40068,3105437.41743,,
1112085.36648,3105310.14166,,
1112077.56855,3105189.54958,,
1112048.73381,3105112.57017,,
1111998.81113,3105010.51072,,
1111912.63654,3104877.47285,,
1111821.39287,3104749.99097,,
1111735.8124,3104627.64753,,
1111661.66384,3104517.92129,,
1111601.94411,3104408.90575,,
1111560.98916,3104310.4575,,
1111511.59893,3104187.48616,,
1111502.71886,3104065.6376,,
1111514.09905,3103939.122,,
1111549.51894,3103777.72775,,
1111583.61549,3103678.08896,,
1111637.17154,3103601.73218,,
1111712.74348,3103531.61079,,
1111837.71293,3103434.72759,,
1111944.65138,3103390.19131,,
1112022.45286,3103359.21278,,
1112087.6203,3103357.59894,,
1112166.98009,3103361.50532,,
1112231.79252,3103367.10644,,
1112308.2741,3103380.51442,,
1112370.08988,3103398.02215,,
1112428.90894,3103427.4365,,
1112499.27877,3103467.06278,,
1112578.55774,3103521.59265,,
1112821.75521,3103714.12541,,
1112873.20152,3103755.48296,,
1112989.53782,3103840.76789,,
1113086.75362,3103922.70092,,
1113188.77921,3104004.87098,,
1113274.32592,3104078.99741,,
1113378.51966,3104166.09638,,
1113478.25892,3104245.74371,,
1113543.3459,3104294.75474,,
1113597.35579,3104323.93354,,
1113652.17769,3104353.49892,,
1113832.35236,3104425.91051,,
1114050.55199,3104493.3256,,
1114230.19552,3104541.66944,,
1114438.5982,3104563.95261,,
1114620.07271,3104540.25957,,
1114734.37462,3104485.78161,,
1114836.93824,3104425.57349,,
1114916.97894,3104369.40818,,
1114979.75429,3104302.79669,,
1115001.95431,3104243.61695,,
1115016.70262,3104188.89212,,
1115029.51961,3104124.42851,,
1115033.66407,3104040.2506,,
1115029.13592,3103936.35841,,
1115016.80076,3103844.13645,,
1115003.75507,3103766.34503,,
1114994.92718,3103700.81583,,
1114981.52614,3103630.2397,,
1114966.19367,3103549.92489,,
1114947.66806,3103461.01475,,
1114935.52845,3103389.29537,,
1114920.56947,3103325.87541,,
1114902.2398,3103257.46776,,
1114874.27165,3103164.47667,,
1114855.94182,3103096.06911,,
1114819.91132,3102995.44862,,
1114804.22302,3102922.34937,,
1114790.93959,3102849.36851,,
1114775.48788,3102771.45916,,
1114764.49086,3102701.0018,,
1114759.99841,3102645.32997,,
1114751.4062,3102574.99099,,
1114756.53339,3102519.79259,,
1114762.37067,3102450.16372,,
1114774.83092,3102392.91526,,
1114791.39089,3102350.33393,,
1114808.18754,3102302.94243,,
1114830.14908,3102248.57234,,
1114852.11059,3102194.20222,,
1114868.55212,3102154.02588,,
1114897.72839,3102100.01071,,
1114921.62137,3102055.37916,,
1114950.56091,3102006.17407,,
1114982.02371,3101954.68219,,
1115015.89142,3101903.30859,,
1115062.84887,3101830.88078,,
1115109.09628,3101772.88341,,
1115142.13561,3101738.34527,,
1115185.62305,3101687.44473,,
1115248.94176,3101625.46521,,
1115317.54369,3101554.10182,,
1115405.14864,3101488.49502,,
1115513.29669,3101414.61001,,
1115628.93133,3101350.02669,,
1115713.65825,3101293.92147,,
1115763.53244,3101260.21095,,
1115845.38122,3101213.60766,,
1115931.92172,3101169.646,,
1116030.48721,3101126.27575,,
1116139.146,3101073.75807,,
1116237.47511,3101035.19781,,
1116320.90114,3101005.54818,,
1116418.99386,3100971.79799,,
1116497.96501,3100934.69619,,
1116608.67449,3100889.51158,,
1116737.20458,3100811.33883,,
1116918.43197,3100688.01507,,
1116986.5644,3100629.54065,,
1117028.49431,3100580.08166,,
1117109.34912,3100472.42881,,
1117148.44253,3100410.80848,,
1117160.63129,3100337.56064,,
1117148.4148,3100271.69945,,
1117104.0419,3100161.32248,,
1117071.26765,3100094.45044,,
1117009.37012,3100026.14632,,
1116931.38309,3099965.10506,,
1116847.52278,3099905.52898,,
1116773.12126,3099862.43495,,
1116683.19314,3099815.47556,,
1116602.8421,3099782.593,,
1116486.7709,3099740.72124,,
1116396.32701,3099716.98639,,
1116303.47823,3099693.13336,,
1116231.44668,3099687.1806,,
1116127.91381,3099684.50082,,
1116062.5061,3099690.92849,,
1115994.5752,3099699.64301,,
1115907.16798,3099712.22173,,
1115789.87158,3099732.92889,,
1115721.6335,3099745.35415,,
1115628.43756,3099761.06089,,
1115621.69117,3099760.72917,,
1115493.35539,3099793.13315,,
1115380.95305,3099823.76992,,
1115313.34933,3099842.50491,,
1115206.88949,3099882.71641,,
1115108.44424,3099923.68284,,
1115014.57246,3099969.69585,,
1114947.86481,3100002.57911,,
1114883.32561,3100040.39074,,
1114833.57093,3100071.69664,,
1114770.62091,3100106.62724,,
1114698.4761,3100152.6748,,
1114625.16922,3100191.63654,,
1114553.17887,3100233.90315,,
1114488.52164,3100274.11942,,
1114431.55236,3100305.07015,,
1114369.65497,3100338.18935,,
1114302.82949,3100373.47701,,
1114253.54821,3100395.16215,,
1114204.26695,3100416.84726,,
1114142.96114,3100437.94095,,
1114096.67629,3100447.71899,,
1114043.29501,3100454.73713,,
1113970.91104,3100455.99893,,
1113913.54803,3100445.94514,,
1113865.92297,3100433.95942,,
1113825.51267,3100422.32854,,
1113778.00596,3100407.93781,,
1113738.18712,3100384.28173,,
1113688.98524,3100355.34251,,
1113633.86974,3100299.59306,,
1113590.30564,3100254.05521,,
1113554.42932,3100199.25206,,
1113525.76767,3100144.80376,,
1113494.93763,3100085.42717,,
1113469.03561,3100023.88212,,
1113439.38815,3099940.45528,,
1113422.75081,3099886.59846,,
1113395.5081,3099803.28999,,
1113379.69847,3099732.598,,
1113359.90677,3099644.83432,,
1113337.59182,3099559.35748,,
1113322.25494,3099479.04548,,
1113306.2085,3099413.1637,,
1113299.54508,3099352.56497,,
1113292.17214,3099306.39643,,
1113275.37601,3099206.72606,,
1113273.52218,3099146.36383,,
1113269.38165,3099083.47835,,
1113269.5779,3099030.44944,,
1113263.74176,3098953.01556,,
1113260.78332,3098866.07979,,
1113262.27989,3098786.59555,,
1113268.58614,3098707.34773,,
1113272.01453,3098637.60182,,
1113285.18064,3098565.9237,,
1113310.1347,3098499.64666,,
1113335.67978,3098421.3444,,
1113357.8742,3098362.16416,,
1113386.81043,3098312.95863,,
1113420.91105,3098256.77434,,
1113456.94373,3098210.32835,,
1113511.88293,3098153.37475,,
1113568.39455,3098104.30339,,
1113594.23585,3098083.03046,,
1113636.70248,3098044.5402,,
1113734.57556,3097979.46698,,
1113808.95775,3097939.53152,,
1113852.04837,3097921.15686,,
1113907.16358,3097903.37312,,
1113961.13547,3097884.32773,,
1114001.40757,3097874.25252,,
1114041.5024,3097867.78489,,
1114073.06185,3097863.30866,,
1114100.95482,3097859.85767,,
1114119.16903,3097857.13648,,
1114219.00582,3097857.36252,,
1114359.14051,3097871.11845,,
1114576.64554,3097917.87099,,
1114721.96163,3097953.05943,,
1114896.54425,3098012.58892,,
1115028.3198,3098071.78422,,
1115094.18099,3098105.1574,,
1115263.37441,3098200.63265,,
1115503.79981,3098305.1853,,
1115657.75503,3098352.251,,
1115775.28538,3098371.76644,,
1115924.04389,3098349.88319,,
1116048.45334,3098299.3255,,
1116101.59177,3098258.33952,,
1116135.83232,3098223.85828,,
1116171.80729,3098178.61301,,
1116205.90919,3098122.42638,,
1116235.67389,3098056.38275,,
1116262.79714,3097995.03114,,
1116287.86995,3097926.34588,,
1116308.0145,3097859.82933,,
1116324.5559,3097747.88605,,
1116336.79652,3097638.57685,,
1116343.75863,3097566.79004,,
1116361.36142,3097418.2451,,
1116370.68037,3097298.4881,,
1116374.38424,3097223.10645,,
1116393.13508,3097016.22768,,
1116423.5158,3096887.20123,,
1116455.05001,3096804.59998,,
1116484.50454,3096694.41877,,
1116537.01011,3096548.13982,,
1116578.88603,3096475.80203,,
1116624.15482,3096426.17476,,
1116687.89848,3096359.59331,,
1116774.04596,3096311.80034,,
1116862.21178,3096276.76304,,
1116919.67089,3096260.69441,,
1116988.78537,3096252.06774,,
1117089.86047,3096257.03256,,
1117186.83618,3096275.53502,,
1117281.84642,3096299.09311,,
1117403.25723,3096344.55666,,
1117505.73942,3096390.80793,,
1117671.97494,3096467.66926,,
1117874.55361,3096573.79457,,
1118035.31367,3096657.25733,,
1118206.43716,3096739.51219,,
1118369.33181,3096814.49355,,
1118568.37176,3096887.81624,,
1118714.10563,3096927.60693,,
1118899.41133,3096965.90712,,
1119118.05531,3097024.73711,,
1119327.37636,3097098.56625,,
1119475.52795,3097159.08574,,
1119574.83883,3097200.03137,,
1119663.61806,3097245.61196,,
1119744.19762,3097318.26882,,
1119803.26321,3097374.41173,,
1119847.16251,3097424.65719,,
1119923.47378,3097514.27915,,
1120085.28095,3097716.30186,,
1120186.11152,3097831.17374,,
1120289.77908,3097958.20755,,
1120374.12186,3098024.18103,,
1120431.02404,3098054.45687,,
1120522.72502,3098110.48747,,
1120611.75749,3098150.92989,,
1120731.09381,3098168.81729,,
1120825.48976,3098170.02174,,
1120901.71396,3098156.59333,,
1120978.6961,3098127.74489,,
1121068.93405,3098073.78575,,
1121155.46383,3097990.44713,,
1121199.27603,3097937.64104,,
1121243.34083,3097879.69486,,
1121268.05476,3097831.10252,,
1121291.72901,3097768.71922,,
1121314.11096,3097697.68497,,
1121341.15286,3097566.76787,,
1121375.1317,3097434.47405,,
1121414.0226,3097237.15716,,
1121422.5843,3097132.81145,,
1121426.11513,3096956.08431,,
1121417.12307,3096859.46356,,
1121388.35404,3096675.99723,,
1121373.21183,3096599.68423,,
1121329.44375,3096406.89397,,
1121299.15897,3096277.49043,,
1121264.45695,3096198.63002,,
1121231.33302,3096136.72504,,
1121188.82464,3096069.53694,,
1121164.25803,3096029.75244,,
1121134.76292,3095992.13701,,
1121096.00155,3095946.83315,,
1121054.71686,3095903.81653,,
1121008.5037,3095862.969,,
1120952.43362,3095826.45964,,
1120884.33774,3095789.3597,,
1120801.45656,3095758.767,,
1120699.94514,3095726.77077,,
1120587.54528,3095707.51086,,
1120519.26869,3095699.00527,,
1120430.01278,3095698.05664,,
1120327.05121,3095696.43489,,
1120208.25013,3095702.62248,,
1120001.65466,3095713.08548,,
1119757.53757,3095718.27073,,
1119630.50803,3095717.18432,,
1119478.4539,3095701.12944,,
1119378.91606,3095662.38095,,
1119287.3612,3095612.07462,,
1119201.08913,3095552.38368,,
1119132.12224,3095479.7471,,
1119054.26427,3095386.61771,,
1119003.64898,3095298.26116,,
1118971.62628,3095215.96999,,
1118937.40844,3095073.4615,,
1118913.83662,3094958.95456,,
1118893.5805,3094842.90404,,
1118890.97092,3094748.74559,,
1118894.86796,3094669.37281,,
1118903.81126,3094585.42571,,
1118917.21041,3094508.93045,,
1118940.93835,3094418.47604,,
1118985.70899,3094299.56024,,
1119028.19327,3094203.753,,
1119080.08443,3094091.23322,,
1119145.4816,3093948.46267,,
1119224.41591,3093809.79116,,
1119272.32283,3093743.44568,,
1119324.07658,3093668.7018,,
1119422.81211,3093546.45833,,
1119555.16009,3093369.18895,,
1119673.16111,3093239.30296,,
1119769.34237,3093134.10727,,
1119858.1663,3093038.85486,,
1119944.77253,3092953.79803,,
1120054.32317,3092856.12734,,
1120157.64126,3092780.4773,,
1120239.1397,3092729.51807,,
1120335.97314,3092681.02864,,
1120416.46289,3092650.62908,,
1120489.25912,3092637.02649,,
1120561.55101,3092633.70385,,
1120705.29432,3092644.19188,,
1120839.71511,3092669.67966,,
1121007.64433,3092712.26894,,
1121095.5559,3092740.62719,,
1121206.89625,3092816.50688,,
1121366.74384,3092918.81178,,
1121639.69811,3093061.01729,,
1121742.60926,3093098.69974,,
1121839.08791,3093127.47918,,
1121956.46219,3093150.41419,,
1122017.71929,3093162.00785,,
1122121.38772,3093184.27034,,
1122228.73509,3093201.56095,,
1122327.93668,3093209.86434,,
1122429.01987,3093214.82509,,
1122573.01926,3093220.1745,,
1122754.96344,3093222.23356,,
1122928.25757,3093225.58562,,
1123082.28549,3093236.57976,,
1123215.1656,3093258.55872,,
1123354.31052,3093292.8679,,
1123468.79677,3093339.70725,,
1123617.49663,3093424.29408,,
1123747.09802,3093513.09652,,
1123844.56713,3093591.73448,,
1123938.25339,3093670.40192,,
1124004.93664,3093736.36641,,
1124066.69126,3093804.50033,,
1124146.86161,3093890.41684,,
1124241.7273,3094002.82883,,
1124416.7258,3094181.45685,,
1124558.01556,3094312.0569,,
1124720.56923,3094464.31214,,
1124840.9317,3094566.40485,,
1124907.19375,3094616.03233,,
1124995.89748,3094663.32658,,
1125133.69926,3094725.05457,,
1125304.52882,3094743.74744,,
1125427.18598,3094729.15876,,
1125486.70177,3094706.31717,,
1125606.82711,3094638.35897,,
1125668.19376,3094577.82123,,
1125706.52969,3094531.61096,,
1125747.16781,3094473.49055,,
1125855.84884,3094253.82196,,
1125899.20955,3094175.22384,,
1125948.68851,3094041.96303,,
1126020.84218,3093691.68073,,
1126072.67506,3093510.44228,,
1126113.9224,3093369.90633,,
1126159.01667,3093220.97104,,
1126177.54834,3093158.32944,,
1126188.46967,3093110.7727,,
1126224.51843,3092989.28366,,
1126251.75855,3092906.04922,,
1126299.60601,3092770.98926,,
1126320.60738,3092693.01021,,
1126342.98574,3092621.96909,,
1126364.37543,3092501.06901,,
1126374.22359,3092405.36659,,
1126375.78896,3092338.45698,,
1126379.4039,3092264.77753,,
1126376.13319,3092156.40825,,
1126368.89905,3092023.79815,,
1126355.71613,3091942.42424,,
1126326.62799,3091800.15416,,
1126282.82393,3091677.77352,,
1126233.367,3091564.65729,,
1126198.51968,3091489.0441,,
1126121.10672,3091333.19248,,
1126076.54559,3091226.23373,,
1126007.67983,3091054.53227,,
1125946.55879,3090829.96577,,
1125920.22302,3090701.57278,,
1125909.47535,3090570.50913,,
1125914.88576,3090495.20062,,
1125932.96182,3090406.77248,,
1125963.11536,3090317.2189,,
1125995.60332,3090250.10837,,
1126053.9598,3090180.83098,,
1126148.01193,3090084.10459,,
1126239.17453,3090011.28258,,
1126331.51321,3089956.4372,,
1126394.1522,3089933.00113,,
1126457.01,3089912.03654,,
1126564.66782,3089888.11554,,
1126664.8842,3089875.85285,,
1126761.08589,3089875.41655,,
1126893.18492,3089878.4578,,
1126985.70812,3089882.99398,,
1127093.39998,3089893.42669,,
1127220.89671,3089920.28898,,
1127317.46842,3089947.35278,,
1127390.22061,3089969.81356,,
1127457.2973,3089997.1735,,
1127549.89128,3090041.8792,,
1127645.69073,3090086.74219,,
1127747.50812,3090139.93356,,
1127863.15227,3090202.55237,,
1128104.00309,3090334.59672,,
1128224.84884,3090392.05163,,
1128370.80798,3090462.76172,,
1128542.92185,3090560.51944,,
1128707.22511,3090642.4357,,
1128828.65988,3090687.89688,,
1128971.78135,3090746.44537,,
1129063.55098,3090766.40476,,
1129138.52241,3090778.66974,,
1129226.32839,3090774.38745,,
1129326.88495,3090755.2714,,
1129457.74683,3090713.59399,,
1129554.25576,3090671.94946,,
1129659.08001,3090635.86562,,
1129772.89186,3090591.63397,,
1129870.99396,3090541.29019,,
1129962.053,3090486.30784,,
1130049.98522,3090429.56533,,
1130164.58323,3090353.24316,,
1130230.97249,3090309.90426,,
1130290.79359,3090269.45662,,
1130350.92909,3090222.59751,,
1130401.05511,3090183.28105,,
1130481.28823,3090119.73346,,
1130548.07059,3090068.37987,,
1130609.88163,3090017.25802,,
1130685.4989,3089946.55563,,
1130758.23912,3089877.84568,,
1130828.03885,3089797.71876,,
1130874.92832,3089726.10877,,
1130904.53279,3089679.35872,,
1130938.12857,3089616.73716,,
1130957.64491,3089579.13277,,
1130974.27,3089534.95975,,
1130994.41492,3089484.5324,,
1131013.82135,3089416.39494,,
1131029.99696,3089334.07593,,
1131051.88634,3089202.88496,,
1131078.99995,3089070.23228,,
1131097.41153,3088974.94271,,
1131137.22485,3088863.5249,,
1131188.10866,3088771.54443,,
1131259.89035,3088673.71716,,
1131334.42712,3088589.76647,,
1131389.12055,3088544.66711,,
1131450.2302,3088510.70729,,
1131564.35531,3088489.38281,,
1131662.02544,3088494.16936,,
1131755.7648,3088509.06968,,
1131931.16527,3088539.99621,,
1132053.61493,3088564.89236,,
1132252.58559,3088605.563,,
1132416.69828,3088656.54971,,
1132567.355,3088701.7239,,
1132703.01012,3088737.57426,,
1132825.96502,3088752.1892,,
1132961.50287,3088755.39657,,
1133094.27248,3088733.3487,,
1133264.51754,3088679.93156,,
1133392.41727,3088635.4676,,
1133507.25097,3088589.75373,,
1133598.08506,3088548.48579,,
1133690.35753,3088501.59101,,
1133766.13039,3088463.52819,,
1133839.01186,3088418.89646,,
1133918.46185,3088371.37297,,
1134008.15736,3088311.49716,,
1134111.4612,3088236.22018,,
1134225.01059,3088148.5907,,
1134318.69749,3088072.84199,,
1134409.17872,3087996.93599,,
1134506.69976,3087908.52036,,
1134589.71658,3087821.0006,,
1134652.87077,3087745.36183,,
1134709.22082,3087677.42355,,
1134755.95368,3087609.01397,,
1134799.87346,3087532.43246,,
1134834.99353,3087471.48777,,
1134894.90961,3087363.55368,,
1134944.83425,3087260.19377,,
1134988.86761,3087160.67632,,
1135027.56849,3087061.09794,,
1135046.40132,3086993.37548,,
1135067.27965,3086934.65459,,
1135086.22774,3086863.43464,,
1135094.97811,3086789.99732,,
1135096.95793,3086714.51055,,
1135100.39946,3086644.24881,,
1135095.77653,3086563.2852,,
1135085.63848,3086487.54597,,
1135051.09735,3086353.24171,,
1135017.55965,3086231.35246,,
1134990.74201,3086161.53688,,
1134963.50614,3086094.32403,,
1134929.19788,3086007.48324,,
1134898.99164,3085935.30464,,
1134864.8402,3085845.25809,,
1134845.06893,3085789.65864,,
1134826.50802,3085742.1525,,
1134800.29219,3085654.10152,,
1134785.25088,3085600.34059,,
1134768.71966,3085525.17314,,
1134764.59889,3085433.92782,,
1134772.13752,3085350.1246,,
1134789.37029,3085278.82061,,
1134813.20567,3085212.99326,,
1134840.21647,3085152.47474,,
1134890.1752,3085079.33722,,
1134939.04321,3085028.47768,,
1134986.90445,3084998.18247,,
1135072.83393,3084944.38371,,
1135130.50393,3084915.07083,,
1135210.84962,3084882.04755,,
1135301.04806,3084844.6861,,
1135387.67387,3084811.66468,,
1135515.536,3084761.23594,,
1135676.96375,3084691.83622,,
1135919.1479,3084586.87917,,
1135995.01486,3084545.92926,,
1136069.58767,3084496.32673,,
1136146.46137,3084434.81186,,
1136190.02114,3084387.12676,,
1136242.28085,3084302.07499,,
1136277.99131,3084204.18821,,
1136297.50769,3084149.5029,,
1136322.26825,3084070.37304,,
1136340.46021,3083994.13531,,
1136372.38288,3083867.15078,,
1136406.80007,3083714.5525,,
1136433.44832,3083589.93796,,
1136455.3649,3083493.09342,,
1136477.7845,3083385.96638,,
1136515.84176,3083240.09403,,
1136553.85147,3083130.29396,,
1136619.86627,3083009.83906,,
1136685.07913,3082940.88015,,
1136753.71928,3082872.08879,,
1136859.18451,3082787.92041,,
1137029.18172,3082718.93388,,
1137188.34725,3082695.79931,,
1137328.32749,3082678.59748,,
1137472.86212,3082673.64344,,
1137644.16008,3082668.0031,,
1137742.17439,3082667.97762,,
1137862.47312,3082672.25609,,
1137949.18872,3082673.28471,,
1138055.06133,3082676.85741,,
1138167.34588,3082680.74381,,
1138249.1746,3082683.14023,,
1138327.87594,3082683.77677,,
1138411.38623,3082684.64857,,
1138487.0387,3082681.92217,,
1138551.549,3082677.04377,,
1138609.72596,3082670.24863,,
1138672.71185,3082663.68874,,
1138758.53135,3082650.21146,,
1138824.88014,3082640.60227,,
1138891.5427,3082624.58083,,
1138966.36953,3082604.01591,,
1139046.33396,3082580.73283,,
1139099.15717,3082563.1548,,
1139279.73694,3082513.35594,,
1139397.90847,3082488.66283,,
1139482.36114,3082470.29756,,
1139553.44112,3082462.52642,,
1139632.37923,3082458.3535,,
1139704.74866,3082457.07305,,
1139773.06235,3082461.48963,,
1139805.73661,3082462.01335,,
1139879.0034,3082475.23905,,
1139944.09848,3082491.27884,,
1140044.48134,3082521.34488,,
1140133.64264,3082570.17967,,
1140206.78308,3082620.14207,,
1140281.21806,3082678.7576,,
1140340.90022,3082722.90797,,
1140463.85677,3082804.34619,,
1140542.14163,3082858.16339,,
1140648.21552,3082937.22485,,
1140813.09664,3083043.2152,,
1140911.77599,3083097.86408,,
1141004.2713,3083138.46688,,
1141090.75029,3083161.59582,,
1141170.96138,3083172.3924,,
1141265.46966,3083171.86282,,
1141334.69094,3083161.50612,,
1141423.60229,3083134.93315,,
1141516.86372,3083089.6753,,
1141659.99886,3082988.21053,,
1141723.58078,3082936.68478,,
1141798.03586,3082859.97953,,
1141852.47023,3082798.36423,,
1141930.28823,3082718.60928,,
1142010.23114,3082629.69499,,
1142094.84167,3082543.68071,,
1142179.57111,3082455.23545,,
1142258.8454,3082374.72167,,
1142346.12479,3082298.64254,,
1142404.16863,3082246.92917,,
1142495.00095,3082183.14765,,
1142620.93245,3082099.1534,,
1142776.38857,3082009.29317,,
1142883.28455,3081965.78958,,
1142952.65075,3081942.37972,,
1143042.68803,3081921.3273,,
1143155.08986,3081908.81399,,
1143253.27998,3081903.30859,,
1143387.71182,3081894.42176,,
1143481.01232,3081883.52309,,
1143595.29793,3081865.0607,,
1143673.09048,3081855.12146,,
1143761.75287,3081833.68767,,
1143849.03687,3081805.3143,,
1143945.56074,3081763.64855,,
1144018.09109,3081720.80918,,
1144088.0321,3081660.66274,,
1144134.31475,3081592.48699,,
1144206.8936,3081455.48019,,
1144249.37579,3081364.8614,,
1144289.19109,3081273.60143,,
1144320.67723,3081188.36213,,
1144342.04646,3081133.14047,,
1144382.43812,3081009.78897,,
1144419.08997,3080884.6265,,
1144443.64355,3080799.41213,,
1144465.5317,3080700.57907,,
1144492.22747,3080553.24767,,
1144511.68457,3080454.29561,,
1144528.35428,3080362.51724,,
1144540.87549,3080255.916,,
1144545.03486,3080170.83597,,
1144537.22486,3080078.85588,,
1144517.4464,3079975.64901,,
1144489.82659,3079872.93447,,
1144450.62862,3079761.06387,,
1144398.55751,3079631.38381,,
1144342.72343,3079508.39218,,
1144285.88393,3079405.96803,,
1144221.51882,3079316.92051,,
1144172.3269,3079233.76881,,
1144096.96998,3079123.56807,,
1144010.78878,3078988.78621,,
1143922.55856,3078860.77666,,
1143731.00828,3078597.14916,,
1143634.29231,3078467.00801,,
1143601.70318,3078424.51537,,
1143525.19447,3078313.10822,,
1143477.4992,3078236.856,,
1143438.63905,3078177.10552,,
1143393.99319,3078104.21647,,
1143361.54526,3078044.77941,,
1143332.14681,3077988.70537,,
1143269.90868,3077881.2103,,
1143207.9054,3077768.90594,,
1143154.89388,3077669.89693,,
1143122.91558,3077600.84131,,
1143092.22703,3077538.2767,,
1143064.74458,3077475.86875,,
1143039.99836,3077423.23643,,
1143005.67511,3077336.38967,,
1142981.81637,3077258.20254,,
1142956.6852,3077174.1304,,
1142948.74345,3077137.19341,,
1142939.2021,3077083.12205,,
1142922.07505,3076984.82133,,
1142911.47426,3076896.29621,,
1142916.05257,3076835.45449,,
1142924.39921,3076787.56982,,
1142941.71361,3076732.37348,,
1142974.68036,3076656.01203,,
1143006.34126,3076606.38943,,
1143047.4874,3076562.1032,,
1143085.72805,3076527.42148,,
1143131.0233,3076497.95744,,
1143207.52057,3076460.79784,,
1143285.79893,3076437.30151,,
1143379.87326,3076419.39744,,
1143454.0845,3076413.37933,,
1143554.10166,3076405.40736,,
1143660.21815,3076404.16118,,
1143744.51066,3076408.52081,,
1143883.17909,3076412.85556,,
1144052.58299,3076431.35602,,
1144167.37936,3076449.81783,,
1144280.25967,3076474.61419,,
1144378.39911,3076505.11884,,
1144427.3123,3076523.57759,,
1144488.97203,3076544.26584,,
1144570.84583,3076578.79742,,
1144657.21585,3076619.97675,,
1144811.24562,3076705.10571,,
1144965.52845,3076817.44124,,
1145069.65118,3076901.55672,,
1145164.78607,3076993.82375,,
1145221.59031,3077061.88419,,
1145271.28792,3077134.75181,,
1145340.5031,3077265.26879,,
1145407.41817,3077407.7001,,
1145461.21953,3077530.25707,,
1145486.94313,3077595.79534,,
1145504.80768,3077657.73567,,
1145523.72708,3077730.97687,,
1145541.5132,3077794.52048,,
1145558.08776,3077849.96971,,
1145577.71188,3077908.78205,,
1145607.96784,3078013.11113,,
1145627.43518,3078075.12999,,
1145652.84499,3078147.08151,,
1145678.25474,3078219.03308,,
1145698.50524,3078265.01985,,
1145733.22031,3078343.85437,,
1145756.677,3078389.99788,,
1145779.82031,3078442.5543,,
1145797.17778,3078481.97165,,
1145823.37062,3078537.89125,,
1145855.81927,3078597.33068,,
1145888.1112,3078659.97662,,
1145935.3376,3078745.85117,,
1145977.40491,3078805.76084,,
1146031.35712,3078885.53606,,
1146095.08478,3078962.575,,
1146146.77083,3079022.95501,,
1146204.55601,3079090.06143,,
1146249.98618,3079146.92177,,
1146286.58103,3079187.27975,,
1146335.06074,3079247.5034,,
1146380.33415,3079307.57042,,
1146428.97054,3079364.58776,,
1146454.39665,3079396.84471,,
1146593.54334,3079537.65679,,
1147295.88091,3080247.20293,,
1147378.47619,3080314.81103,,
1147473.65552,3080371.00771,,
1147584.09262,3080431.38674,,
1147688.34457,3080477.71858,,
1147760.95388,3080503.60414,,
1147844.26584,3080521.42241,,
1147982.84268,3080533.35208,,
1148126.10471,3080519.73889,,
1148263.85214,3080478.36583,,
1148407.74726,3080416.67549,,
1148539.89641,3080349.2562,,
1148721.67426,3080215.53705,,
1148863.61244,3080088.46034,,
1148985.56973,3079948.37929,,
1149079.53234,3079812.34808,,
1149103.85815,3079774.96604,,
1149135.38047,3079721.86444,,
1149161.7013,3079676.54419,,
1149184.65896,3079634.27379,,
1149214.57801,3079581.0937,,
1149267.53298,3079484.03975,,
1149308.56012,3079400.86688,,
1149351.73893,3079306.54914,,
1149396.08894,3079228.56604,,
1149420.69963,3079173.72153,,
1149464.22748,3079080.81203,,
1149510.13132,3078939.28168,,
1149537.09195,3078835.07337,,
1149577.69048,3078727.77178,,
1149618.06791,3078625.32959,,
1149662.18908,3078520.26426,,
1149713.12769,3078425.2793,,
1149749.77536,3078363.32341,,
1149833.62383,3078225.99145,,
1149899.71652,3078123.14892,,
1149955.24978,3078039.07609,,
1149985.01002,3077997.49254,,
1150028.06854,3077930.1332,,
1150062.32636,3077886.80662,,
1150089.84779,3077846.65527,,
1150124.74235,3077793.42673,,
1150166.35296,3077731.17337,,
1150211.48331,3077662.66326,,
1150257.08356,3077584.53309,,
1150285.71154,3077524.85963,,
1150312.92788,3077470.09122,,
1150334.63158,3077424.85087,,
1150372.84831,3077320.18562,,
1150399.99255,3077225.082,,
1150420.09721,3077142.49175,,
1150431.16755,3077080.35326,,
1150438.5615,3077027.67816,,
1150444.50878,3076971.71806,,
1150449.0094,3076912.47299,,
1150452.14163,3076848.33961,,
1150455.50872,3076779.39622,,
1150455.16224,3076687.77124,,
1150451.48981,3076631.34134,,
1150449.26397,3076578.19641,,
1150444.45798,3076512.06821,,
1150433.35823,3076410.27521,,
1150420.10704,3076319.6273,,
1150403.96241,3076222.40951,,
1150395.20755,3076138.40986,,
1150377.5498,3075932.29728,,
1150370.57647,3075758.42029,,
1150366.90667,3075552.05914,,
1150366.20262,3075390.51558,,
1150367.79369,3075317.42182,,
1150372.60594,3075251.76336,,
1150376.51928,3075171.59662,,
1150379.57162,3075109.06655,,
1150381.09892,3075044.85488,,
1150378.55881,3074998.12338,,
1150373.75131,3074931.99536,,
1150364.13402,3074865.63258,,
1150351.36588,3074786.54013,,
1150335.67108,3074724.42092,,
1150318.93635,3074672.17523,,
1150303.1788,3074632.83447,,
1150278.42781,3074580.19759,,
1150254.57576,3074542.06899,,
1150222.78577,3074501.94586,,
1150190.91751,3074463.4261,,
1150089.54878,3074359.49573,,
1150039.47416,3074306.5705,,
1149995.09299,3074261.01171,,
1149955.20854,3074222.101,,
1149915.3241,3074183.19034,,
1149868.89008,3074139.4652,,
1149795.44112,3074060.28163,,
1149702.42805,3073959.5256,,
1149600.55292,3073829.12867,,
1149548.50799,3073733.80851,,
1149512.39056,3073628.95666,,
1149492.4092,3073545.51012,,
1149489.52611,3073428.53465,,
1149502.44459,3073339.82065,,
1149526.85908,3073261.97642,,
1149562.60237,3073198.4301,,
1149678.69438,3073037.43182,,
1149828.76622,3072861.11076,,
1149896.57138,3072788.88263,,
1149930.59127,3072750.36352,,
1149994.95532,3072682.78876,,
1150055.17443,3072634.29744,,
1150122.27573,3072576.49884,,
1150178.97558,3072534.26428,,
1150225.74319,3072497.9738,,
1150282.28666,3072458.94578,,
1150349.07524,3072407.56016,,
1150388.96072,3072380.57676,,
1150445.81707,3072335.13519,,
1150495.40025,3072307.01753,,
1150585.26,3072243.89955,,
1150674.72882,3072188.79814,,
1150784.29691,3072116.99803,,
1150896.5804,3072052.16223,,
1150954.3894,3072015.99135,,
1151025.56626,3071980.90515,,
1151117.85102,3071933.9762,,
1151239.15102,3071885.24772,,
1151330.96687,3071847.93867,,
1151439.12827,3071804.99788,,
1151507.87303,3071779.42099,,
1151629.48636,3071724.27849,,
1151704.95714,3071692.60068,,
1151836.8159,3071625.09996,,
1151900.54783,3071585.67952,,
1152021.95058,3071491.94254,,
1152099.24855,3071421.82805,,
1152155.22574,3071366.13786,,
1152211.45366,3071305.30512,,
1152264.06444,3071234.49138,,
1152310.44051,3071140.32069,,
1152336.32621,3071070.86607,,
1152347.90026,3071031.25041,,
1152361.39027,3070985.29935,,
1152375.5056,3070926.52118,,
1152389.73728,3070832.39029,,
1152405.72202,3070736.7089,,
1152422.91254,3070584.02011,,
1152435.87056,3070479.44827,,
1152437.66605,3070376.67505,,
1152439.14878,3070280.31538,,
1152442.507,3070145.47435,,
1152444.77088,3070033.08076,,
1152439.99623,3069933.20173,,
1152441.7909,3069830.42848,,
1152446.32316,3069737.43184,,
1152450.35223,3069638.86901,,
1152459.67824,3069546.26449,,
1152478.29554,3069460.53059,,
1152496.67874,3069379.59863,,
1152520.25355,3069290.89728,,
1152548.162,3069212.03384,,
1152564.28307,3069177.52108,,
1152585.51782,3069136.8396,,
1152625.2948,3069077.80794,,
1152681.46746,3069011.55273,,
1152727.41272,3068957.63487,,
1152759.3835,3068927.10315,,
1152805.99346,3068892.47123,,
1152853.89206,3068864.31994,,
1152916.19592,3068836.87047,,
1153020.66091,3068800.24373,,
1153087.53269,3068777.83011,,
1153145.85568,3068766.23131,,
1153244.42741,3068751.77996,,
1153345.65456,3068748.68934,,
1153438.64492,3068750.01087,,
1153513.71691,3068756.87737,,
1153590.15562,3068768.62395,,
1153636.26101,3068777.28819,,
1153693.25868,3068792.9011,,
1153756.73679,3068807.22527,,
1153826.46139,3068825.0628,,
1153896.18605,3068842.90036,,
1153973.75784,3068864.32929,,
1154033.56703,3068888.10182,,
1154077.44817,3068909.49385,,
1154168.09977,3068958.83676,,
1154275.81223,3069020.24263,,
1154391.13791,3069090.0422,,
1154621.16563,3069242.44776,,
1154732.97841,3069318.49493,,
1154863.68678,3069401.88121,,
1154969.25327,3069474.41546,,
1155236.60516,3069651.1059,,
1155432.04448,3069788.99318,,
1155609.3686,3069903.53479,,
1155777.55722,3070008.00447,,
1155933.09692,3070108.64904,,
1156047.95611,3070188.05661,,
1156171.32698,3070290.34308,,
1156302.58523,3070428.31461,,
1156368.02027,3070534.19596,,
1156396.13183,3070615.79423,,
1156405.0252,3070678.22197,,
1156399.84501,3070770.0129,,
1156384.73845,3070849.5044,,
1156357.02245,3070957.26317,,
1156279.00554,3071151.3781,,
1156207.64168,3071311.13959,,
1156184.8987,3071354.70712,,
1156137.69852,3071441.75853,,
1156092.63036,3071520.32217,,
1156004.2493,3071641.45,,
1155694.9958,3072030.51805,,
1155579.28224,3072166.07452,,
1155471.68874,3072266.72671,,
1155357.77081,3072365.46559,,
1155274.61618,3072425.59125,,
1155191.7739,3072479.31386,,
1155117.79367,3072515.81876,,
1155060.44438,3072540.29852,,
1155014.68991,3072557.32116,,
1154965.96845,3072569.38547,,
1154904.36395,3072582.4259,,
1154813.94832,3072594.06099,,
1154720.33157,3072605.53991,,
1154600.71469,3072623.77319,,
1154508.54268,3072638.53152,,
1154421.01647,3072656.72545,,
1154301.16586,3072679.76067,,
1154157.15019,3072704.82609,,
1154044.38562,3072730.61352,,
1153945.10921,3072759.46555,,
1153839.80138,3072796.84804,,
1153766.58371,3072834.19126,,
1153700.90056,3072881.52893,,
1153632.93354,3072959.24052,,
1153580.05499,3073040.09476,,
1153545.60281,3073105.00061,,
1153525.10701,3073163.36702,,
1153506.13367,3073223.41217,,
1153500.58973,3073271.27651,,
1153498.16885,3073320.89771,,
1153505.03909,3073377.39017,,
1153520.96615,3073445.55597,,
1153551.02468,3073552.91916,,
1153578.74099,3073642.51872,,
1153663.84197,3073871.30065,,
1153668.78013,3073885.17985,,
1153715.8978,3074004.60742,,
1153759.30709,3074101.39119,,
1153832.85342,3074238.15383,,
1153904.2139,3074353.95154,,
1153962.26256,3074446.63675,,
1154019.33551,3074526.43844,,
1154066.14171,3074586.4851,,
1154138.75186,3074676.67242,,
1154222.25369,3074773.80958,,
1154348.26868,3074887.46267,,
1154527.61061,3075026.18243,,
1154766.83848,3075187.08048,,
1154874.38996,3075251.69808,,
1154991.46714,3075318.38541,,
1155171.24101,3075415.41074,,
1155299.36663,3075485.84707,,
1155379.27952,3075525.0482,,
1155451.26747,3075562.25799,,
1155548.55302,3075607.12106,,
1155636.86006,3075638.70955,,
1155747.73244,3075668.1907,,
1155841.3887,3075688.80865,,
1155951.44228,3075702.20444,,
1156069.89002,3075707.98731,,
1156140.70927,3075703.42207,,
1156242.87878,3075681.13268,,
1156337.27962,3075653.65025,,
1156420.86675,3075617.61698,,
1156475.09509,3075591.38228,,
1156529.63607,3075558.74453,,
1156597.82344,3075517.92465,,
1156719.30092,3075420.38343,,
1156828.73609,3075315.01026,,
1156929.42682,3075191.55956,,
1157030.97702,3075050.5001,,
1157094.51525,3074928.02208,,
1157161.65599,3074772.86806,,
1157214.60153,3074614.62215,,
1157246.14886,3074488.16716,,
1157275.98171,3074271.39983,,
1157295.97684,3073993.17811,,
1157299.26213,3073662.79431,,
1157277.48486,3072859.44072,,
1157251.79602,3072399.27749,,
1157232.82026,3072064.59933,,
1157228.28993,3071894.29295,,
1157232.19233,3071748.46651,,
1157238.32052,3071655.69973,,
1157247.96218,3071556.68594,,
1157252.95884,3071520.02425,,
1157267.12971,3071459.7412,,
1157286.25868,3071396.49071,,
1157312.1457,3071339.08306,,
1157340.62905,3071276.0911,,
1157370.47283,3071219.94235,,
1157394.58696,3071177.06805,,
1157441.66147,3071114.98236,,
1157493.31187,3071063.2851,,
1157547.39616,3071009.68158,,
1157712.45821,3070849.24701,,
1157856.08695,3070700.60355,,
1158068.58172,3070455.83141,,
1158158.29476,3070327.02273,,
1158214.08078,3070202.97846,,
1158250.97026,3070071.59457,,
1158269.58983,3069985.85357,,
1158276.96404,3069867.47242,,
1158271.80683,3069775.75876,,
1158259.62256,3069696.53948,,
1158227.64027,3069529.70696,,
1158176.24938,3069267.2575,,
1158125.09495,3069065.7947,,
1158075.58145,3068896.50411,,
1158023.06301,3068755.95009,,
1157946.10295,3068590.13663,,
1157900.53664,3068504.47794,,
1157827.09352,3068398.20625,,
1157774.42242,3068326.64304,,
1157698.13078,3068245.90637,,
1157639.48785,3068198.12129,,
1157562.92543,3068155.88175,,
1157484.52845,3068118.36667,,
1157410.69967,3068085.88794,,
1157277.72357,3068048.92362,,
1157091.76929,3068012.58803,,
1156839.13294,3067961.77263,,
1156692.80671,3067935.39049,,
1156554.17224,3067915.80135,,
1156453.72009,3067902.88572,,
1156326.7491,3067885.68785,,
1156146.27375,3067857.42421,,
1156046.36797,3067833.3035,,
1155937.71605,3067791.10686,,
1155898.79126,3067766.74735,,
1155801.30274,3067693.00378,,
1155696.15946,3067578.77411,,
1155637.71022,3067494.09601,,
1155598.39072,3067411.95422,,
1155574.02265,3067319.30891,,
1155567.14721,3067262.81531,,
1155565.15162,3067204.95484,,
1155570.92535,3067152.28631,,
1155579.04287,3067117.38181,,
1155599.06645,3067068.61625,,
1155635.40828,3067014.22713,,
1155671.20444,3066971.04316,,
1155686.22049,3066949.79425,,
1155783.08307,3066848.12775,,
1155831.52854,3066808.76859,,
1155991.11504,3066694.59372,,
1156166.31863,3066589.20142,,
1156331.88249,3066517.03486,,
1156537.69721,3066442.01395,,
1156680.34881,3066412.05427,,
1156830.45852,3066393.68951,,
1157012.66009,3066375.2825,,
1157247.52889,3066362.64865,,
1157459.44327,3066360.1292,,
1157651.83821,3066363.07772,,
1157800.1575,3066381.53085,,
1157925.83346,3066403.6954,,
1158025.50868,3066432.6171,,
1158148.80494,3066470.7119,,
1158270.11098,3066516.73292,,
1158420.66162,3066588.247,,
1158592.60927,3066681.6631,,
1158774.671,3066798.03667,,
1158920.46199,3066901.41239,,
1159068.51915,3067024.15431,,
1159230.86866,3067182.89444,,
1159311.96546,3067263.86561,,
1159391.46153,3067344.75902,,
1159461.19724,3067428.38653,,
1159510.51316,3067502.99657,,
1159596.02707,3067657.9966,,
1159785.13461,3068025.04075,,
1159906.10223,3068242.74539,,
1160000.16459,3068386.93125,,
1160158.06759,3068636.92494,,
1160240.72737,3068751.67269,,
1160323.85503,3068856.81563,,
1160396.04859,3068922.91444,,
1160476.86996,3068976.59656,,
1160612.46995,3069058.62238,,
1160725.85277,3069102.6588,,
1160844.8961,3069129.3199,,
1160939.26338,3069135.52274,,
1161013.0548,3069135.909,,
1161087.47033,3069123.48833,,
1161225.56424,3069088.49571,,
1161339.95875,3069045.92947,,
1161453.06465,3068996.8816,,
1161587.91692,3068929.63698,,
1161691.73043,3068873.71725,,
1161850.63208,3068773.94548,,
1162008.71312,3068658.08638,,
1162078.75434,3068603.72991,,
1162197.0025,3068485.8704,,
1162290.58992,3068339.64747,,
1162346.84171,3068231.96178,,
1162386.76276,3068082.68051,,
1162406.90752,3067951.33905,,
1162412.29617,3067875.98853,,
1162412.53685,3067729.92971,,
1162399.26892,3067543.68801,,
1162378.09689,3067343.31367,,
1162369.3043,3067250.68405,,
1162340.31292,3066989.31166,,
1162328.51527,3066914.71742,,
1162304.67011,3066769.20455,,
1162294.83434,3066653.58794,,
1162289.9357,3066577.73662,,
1162293.51876,3066433.55937,,
1162310.86095,3066324.42144,,
1162339.61887,3066227.86853,,
1162384.97394,3066108.0649,,
1162412.39622,3066038.94239,,
1162455.08034,3065973.99973,,
1162513.44362,3065904.66481,,
1162579.60806,3065840.19462,,
1162630.92927,3065795.25089,,
1162699.41048,3065755.61719,,
1162805.90345,3065721.27581,,
1162928.8722,3065701.4842,,
1163027.0895,3065695.95412,,
1163133.46133,3065699.41341,,
1163273.70271,3065713.11384,,
1163403.32454,3065733.17138,,
1163519.31534,3065750.84697,,
1163692.8429,3065786.78992,,
1163816.98863,3065813.45516,,
1163901.78799,3065836.48667,,
1164056.29167,3065874.94096,,
1164174.71073,3065913.35735,,
1164300.07087,3065950.39323,,
1164395.15695,3065973.92581,,
1164468.37374,3065987.8012,,
1164562.16299,3066002.6781,,
1164665.10845,3066005.97104,,
1164725.52866,3066000.31969,,
1164819.52354,3065975.68034,,
1164894.17477,3065941.0051,,
1164974.39459,3065900.72966,,
1165047.02092,3065856.14592,,
1165111.32579,3065806.00137,,
1165192.14505,3065734.31953,,
1165252.65791,3065677.18229,,
1165297.25424,3065622.57472,,
1165336.17228,3065562.63788,,
1165381.51218,3065466.56821,,
1165416.23075,3065367.14635,,
1165444.27562,3065249.93135,,
1165466.25926,3065151.32534,,
1165477.83512,3065090.02087,,
1165492.66505,3064961.85125,,
1165495.07684,3064841.67002,,
1165494.98543,3064772.92352,,
1165483.17301,3064591.90085,,
1165458.89607,3064363.87532,,
1165420.6911,3064145.47482,,
1165394.04025,3064022.16124,,
1165352.16375,3063858.58047,,
1165323.71461,3063736.89821,,
1165270.57809,3063486.84284,,
1165231.53585,3063264.97013,,
1165219.60894,3063192.2112,,
1165191.40884,3063065.38599,,
1165161.87432,3062965.99265,,
1165114.56544,3062843.39393,,
1165035.51693,3062702.06642,,
1164947.22931,3062574.03822,,
1164868.52432,3062496.31382,,
1164750.80557,3062408.09976,,
1164628.90782,3062335.14953,,
1164528.12983,3062287.28588,,
1164450.68616,3062254.30518,,
1164408.74403,3062233.36197,,
1164363.12309,3062217.39546,,
1164137.94732,3062148.01672,,
1164025.16942,3062099.57017,,
1163902.18891,3062048.90919,,
1163808.2692,3062001.37989,,
1163714.59966,3061948.70737,,
1163654.46694,3061913.13209,,
1163594.83439,3061867.27019,,
1163534.15438,3061807.60945,,
1163459.04553,3061726.62534,,
1163404.092,3061655.21377,,
1163381.5082,3061624.9014,,
1163362.68647,3061587.89797,,
1163342.90054,3061535.38123,,
1163328.92438,3061469.39902,,
1163331.84152,3061409.39357,,
1163361.50974,3061293.97824,,
1163403.14237,3061215.23281,,
1163459.28729,3061156.09618,,
1163514.51547,3061115.81837,,
1163574.88672,3061075.79049,,
1163651.02049,3061029.65472,,
1163798.77613,3060959.50411,,
1163984.16455,3060892.90089,,
1164242.47334,3060810.9379,,
1164421.8864,3060761.22857,,
1164575.16764,3060718.84149,,
1164792.46448,3060667.53584,,
1165077.87291,3060593.76215,,
1165126.45903,3060584.09376,,
1165258.91908,3060545.84947,,
1165512.58904,3060453.34673,,
1165676.65889,3060401.17119,,
1165788.46374,3060363.64095,,
1165903.61424,3060327.99172,,
1166023.49153,3060301.16487,,
1166165.98968,3060268.56298,,
1166254.59132,3060248.80884,,
1166273.69986,3060244.58175,,
1166466.00002,3060212.68122,,
1166571.32966,3060202.3327,,
1166704.30494,3060224.26198,,
1166765.19112,3060244.40662,,
1166841.09061,3060273.8738,,
1166918.20466,3060313.71156,,
1167002.72439,3060377.96949,,
1167087.37537,3060474.88712,,
1167134.01087,3060540.74137,,
1167171.99081,3060607.89362,,
1167254.5227,3060783.76398,,
1167341.6618,3061006.26075,,
1167411.69168,3061191.8359,,
1167493.68631,3061414.08365,,
1167555.34576,3061559.72493,,
1167620.05315,3061678.01705,,
1167703.91662,3061826.45702,,
1167791.95908,3061959.63309,,
1167828.97384,3062011.27243,,
1167874.39411,3062066.75774,,
1168007.72616,3062222.76004,,
1168110.73454,3062330.88578,,
1168220.93427,3062432.48709,,
1168310.01332,3062509.00093,,
1168408.16502,3062575.64446,,
1168508.86511,3062625.22586,,
1168652.26033,3062680.32103,,
1168742.21018,3062703.60046,,
1168859.84192,3062723.07032,,
1168972.83075,3062732.00261,,
1169062.4841,3062726.05093,,
1169119.81253,3062713.37124,,
1169229.90977,3062675.75955,,
1169378.69419,3062607.60293,,
1169436.34197,3062565.49354,,
1169488.3136,3062521.61744,,
1169535.22515,3062475.77656,,
1169584.10133,3062424.87519,,
1169649.40853,3062354.14893,,
1169728.80163,3062241.14111,,
1169831.26985,3062077.69533,,
1169902.25692,3061960.84086,,
1170050.95813,3061694.80369,,
1170123.86205,3061538.51238,,
1170182.38275,3061395.27085,,
1170244.24888,3061253.91038,,
1170324.67686,3061084.23458,,
1170395.74611,3060965.66361,,
1170449.55101,3060884.06403,,
1170526.31137,3060789.83069,,
1170589.98662,3060717.30393,,
1170656.00751,3060667.23384,,
1170725.37414,3060619.04494,,
1170781.57242,3060594.27744,,
1170839.06858,3060578.1664,,
1170903.1729,3060567.53254,,
1170972.0042,3060565.72182,,
1171055.84972,3060573.23424,,
1171127.19355,3060590.4512,,
1171240.15087,3060635.47109,,
1171313.88832,3060709.52137,,
1171353.75161,3060773.33188,,
1171382.47033,3060836.60077,,
1171413.01072,3060915.42653,,
1171436.77619,3060992.20435,,
1171455.48131,3061067.01755,,
1171463.26809,3061118.95698,,
1171475.09061,3061299.99494,,
1171490.08028,3061415.87642,,
1171500.39025,3061557.31093,,
1171497.94783,3061713.59377,,
1171494.32692,3061823.41446,,
1171467.09364,3062030.05286,,
1171452.52858,3062223.55755,,
1171454.06092,3062404.0954,,
1171470.39316,3062563.00992,,
1171489.22672,3062670.48519,,
1171515.66882,3062762.86227,,
1171547.58801,3062848.63099,,
1171638.52525,3063028.36153,,
1171709.01563,3063120.85273,,
1171778.33478,3063193.70213,,
1171830.62106,3063233.52613,,
1171862.90993,3063255.83257,,
1171909.70838,3063279.7376,,
1171989.58311,3063301.52453,,
1172044.03186,3063312.7666,,
1172105.67251,3063317.48365,,
1172155.39471,3063319.90225,,
1172238.11062,3063315.33216,,
1172305.47898,3063308.29678,,
1172437.03697,3063288.91519,,
1172541.24551,3063266.48447,,
1172696.26106,3063224.18149,,
1172799.42263,3063187.94978,,
1172888.95112,3063149.33611,,
1173041.87266,3063079.43095,,
1173158.20437,3063019.777,,
1173384.67707,3062886.41742,,
1173548.2573,3062774.06072,,
1173686.20215,3062658.73801,,
1173769.0765,3062580.26809,,
1173856.63087,3062476.2442,,
1173939.37493,3062365.11107,,
1173984.19437,3062291.66505,,
1174010.89027,3062234.67695,,
1174029.8509,3062193.23309,,
1174075.10973,3062098.83963,,
1174117.93807,3062019.5796,,
1174376.14133,3061274.62925,,
1174403.3829,3061163.90957,,
1174435.93719,3061024.55275,,
1174449.14221,3060965.03761,,
1174474.4209,3060833.92085,,
1174477.49262,3060700.00588,,
1174467.22828,3060592.9431,,
1174448.93854,3060509.55312,,
1174430.48204,3060429.59263,,
1174389.10412,3060326.17422,,
1174361.24099,3060262.94441,,
1174337.60503,3060218.82654,,
1174296.3582,3060148.07135,,
1174277.03275,3060121.35071,,
1174252.73009,3060090.95067,,
1174207.55399,3060030.31731,,
1174170.36766,3059982.10363,,
1174123.14361,3059928.24595,,
1174083.74271,3059890.23735,,
1173976.8757,3059790.51268,,
1173914.22016,3059735.90547,,
1173782.05069,3059626.35811,,
1173638.01977,3059517.01075,,
1173520.24446,3059429.94672,,
1173446.5528,3059377.22249,,
1173372.94331,3059322.80774,,
1173327.08711,3059290.07681,,
1173111.8123,3059165.82696,,
1172901.90403,3059064.53653,,
1172784.79877,3058998.69206,,
1172604.20564,3058895.38921,,
1172448.66506,3058807.0536,,
1172377.33391,3058749.11459,,
1172298.71942,3058674.30354,,
1172238.84911,3058600.04239,,
1172197.60608,3058542.11777,,
1172175.33512,3058512.22808,,
1172162.96077,3058487.90285,,
1172141.43587,3058444.94979,,
1172124.24132,3058409.74041,,
1172103.06902,3058350.2759,,
1172078.41858,3058256.2683,,
1172070.08088,3058180.24012,,
1172071.7316,3058075.47901,,
1172081.03899,3057989.99553,,
1172102.26495,3057906.80956,,
1172151.88455,3057773.94513,,
1172200.01783,3057627.96917,,
1172221.79229,3057568.87157,,
1172251.6739,3057484.38689,,
1172278.12627,3057399.73562,,
1172304.91158,3057308.22561,,
1172365.7901,3057080.87357,,
1172390.22809,3056966.90605,,
1172409.10595,3056861.26211,,
1172435.50943,3056643.87018,,
1172446.39573,3056447.14279,,
1172453.28734,3056234.35636,,
1172455.9169,3056038.55023,,
1172463.24048,3055887.65857,,
1172479.51972,3055764.70099,,
1172517.20583,3055625.59506,,
1172548.79976,3055541.19235,,
1172594.27666,3055454.02583,,
1172627.71862,3055402.36832,,
1172680.52021,3055341.33788,,
1172743.44289,3055284.2359,,
1172800.30657,3055245.7458,,
1172846.13391,3055222.18864,,
1172900.3678,3055202.47682,,
1172982.91774,3055201.32624,,
1173068.73056,3055203.77145,,
1173208.57851,3055226.02599,,
1173340.81949,3055263.38014,,
1173445.46063,3055302.83263,,
1173599.7927,3055380.79016,,
1173661.8186,3055413.01874,,
1173780.8931,3055473.79703,,
1173924.68839,3055556.40023,,
1174101.44478,3055668.1035,,
1174248.00399,3055764.59171,,
1174398.15907,3055857.81732,,
1174566.2598,3055970.82078,,
1174891.70793,3056170.52571,,
1175158.89241,3056331.30985,,
1175285.70954,3056409.65472,,
1175459.20519,3056517.76646,,
1175603.33569,3056593.51487,,
1175835.92302,3056724.21283,,
1175960.40006,3056779.29129,,
1176084.87107,3056835.17944,,
1176201.35166,3056878.64819,,
1176325.27387,3056910.44665,,
1176430.91763,3056929.32608,,
1176497.62349,3056936.00223,,
1176609.07757,3056941.41325,,
1176775.7347,3056942.62906,,
1176884.34264,3056935.8701,,
1176984.87681,3056918.40616,,
1177105.18852,3056882.99515,,
1177166.3683,3056861.90163,,
1177269.06739,3056799.85278,,
1177377.99292,3056715.76106,,
1177451.62552,3056650.58191,,
1177564.18048,3056527.13246,,
1177610.21134,3056464.05076,,
1177698.34411,3056348.0095,,
1177767.62292,3056238.39618,,
1177788.14154,3056197.67171,,
1177805.82129,3056152.12086,,
1177819.60537,3056080.59813,,
1177824.81583,3056008.65924,,
1177820.90316,3055912.21363,,
1177806.86853,3055811.83908,,
1177798.91058,3055763.32502,,
1177785.89169,3055712.84651,,
1177763.25028,3055648.15024,,
1177712.68961,3055485.84356,,
1177683.10596,3055422.5294,,
1177550.88682,3055172.03726,,
1177441.84081,3054939.85889,,
1177363.92666,3054774.5076,,
1177314.54731,3054658.66852,,
1177266.04138,3054561.70996,,
1177213.15831,3054445.77048,,
1177132.40953,3054161.68335,,
1177105.40353,3054045.21158,,
1177081.8076,3053858.43323,,
1177061.32718,3053749.15351,,
1177052.40171,3053685.12388,,
1177044.39104,3053602.23151,,
1177039.56016,3053524.64986,,
1177042.30468,3053468.06158,,
1177054.53744,3053393.02633,,
1177087.54451,3053279.46542,,
1177125.74702,3053200.53299,,
1177173.18821,3053108.29783,,
1177228.2881,3053035.3411,,
1177264.91047,3052988.98962,,
1177318.4304,3052948.61398,,
1177383.78697,3052912.24991,,
1177463.11069,3052871.40652,,
1177573.63185,3052825.2004,,
1177678.42697,3052790.74839,,
1177766.6257,3052779.5554,,
1177900.45671,3052784.32582,,
1177977.13993,3052793.02288,,
1178120.15894,3052825.91831,,
1178323.84721,3052878.76655,,
1178394.86799,3052902.8367,,
1178494.20772,3052945.46878,,
1178621.45072,3053015.23708,,
1178738.73809,3053077.64737,,
1178978.70697,3053197.57352,,
1179027.35345,3053222.27806,,
1179091.65048,3053278.68147,,
1179170.71492,3053349.55222,,
1179320.68594,3053482.30413,,
1179427.02016,3053557.93572,,
1179537.0335,3053628.5893,,
1179598.7329,3053667.67857,,
1179662.47979,3053699.99164,,
1179818.95834,3053769.4616,,
1179950.13155,3053829.10993,,
1180095.10631,3053887.70902,,
1180326.70306,3053967.69915,,
1180605.51469,3054031.07195,,
1180784.90174,3054053.52491,,
1180951.31959,3054059.87851,,
1181080.42826,3054055.82768,,
1181231.6632,3054056.28798,,
1181312.4252,3054056.76768,,
1181399.79694,3054062.72481,,
1181514.60569,3054070.01287,,
1181628.9987,3054085.8755,,
1181747.82743,3054119.86593,,
1181867.59222,3054166.35125,,
1181939.20015,3054210.93585,,
1182036.07915,3054291.46734,,
1182078.8034,3054344.91083,,
1182101.36424,3054411.32571,,
1182099.46917,3054521.24708,,
1182084.85379,3054609.92382,,
1182039.30657,3054769.29599,,
1181974.23035,3054941.47205,,
1181917.26122,3055088.25686,,
1181882.94729,3055177.20965,,
1181809.54849,3055359.78153,,
1181774.97359,3055446.53106,,
1181706.34643,3055609.17794,,
1181660.11412,3055711.7901,,
1181571.32845,3055912.03575,,
1181401.8469,3056216.65745,,
1181342.61136,3056339.26488,,
1181307.71582,3056456.17787,,
1181270.22077,3056593.1485,,
1181252.50875,3056678.72386,,
1181238.67058,3056754.31841,,
1181233.49908,3056860.84021,,
1181241.63416,3057003.03046,,
1181260.26298,3057079.56824,,
1181283.23722,3057137.40871,,
1181338.45951,3057203.69074,,
1181429.06024,3057249.34439,,
1181525.88796,3057272.95422,,
1181640.36346,3057287.1073,,
1181777.54801,3057293.7683,,
1181901.01434,3057299.76322,,
1182047.18983,3057298.26601,,
1182165.92853,3057295.43658,,
1182311.22247,3057276.70686,,
1182470.73492,3057248.35361,,
1182581.95032,3057221.20882,,
1182695.27857,3057190.4972,,
1182824.50773,3057148.64035,,
1182954.56976,3057089.63395,,
1183025.58872,3057054.62078,,
1183104.99399,3057000.67418,,
1183187.5428,3056930.28517,,
1183266.24073,3056865.82672,,
1183358.61026,3056768.89064,,
1183409.40708,3056678.53108,,
1183446.3185,3056590.9353,,
1183470.8096,3056511.33148,,
1183487.8086,3056409.01698,,
1183498.7805,3056289.21993,,
1183502.85952,3056205.18718,,
1183502.90922,3056062.51301,,
1183492.28644,3055891.81696,,
1183487.32436,3055781.56049,,
1183475.58591,3055669.25619,,
1183450.02784,3055487.52156,,
1183349.08959,3054769.24228,,
1183349.18705,3054660.95067,,
1183356.22695,3054551.27688,,
1183366.16483,3054488.15639,,
1183392.86751,3054398.34535,,
1183424.96423,3054303.63895,,
1183461.78943,3054217.7568,,
1183499.74706,3054143.96245,,
1183531.89452,3054083.63812,,
1183577.88226,3054020.51087,,
1183644.95245,3053930.54673,,
1183708.14891,3053850.56371,,
1183791.21031,3053769.60711,,
1183881.71988,3053696.27523,,
1184113.5282,3053503.32347,,
1184379.77428,3053294.48355,,
1184614.73699,3053092.72003,,
1184704.22384,3053019.7036,,
1184777.8609,3052954.51352,,
1184995.59188,3052753.63112,,
1185123.25384,3052637.77003,,
1185219.13291,3052539.27687,,
1185300.10104,3052441.35079,,
1185343.87834,3052377.37202,,
1185384.5199,3052308.15641,,
1185414.52454,3052248.59447,,
1185446.25978,3052144.59588,,
1185460.07238,3052036.96599,,
1185463.39805,3051968.36561,,
1185456.26792,3051902.69645,,
1185450.35381,3051847.40048,,
1185428.87016,3051758.68806,,
1185391.03776,3051688.09264,,
1185334.92327,3051604.57786,,
1185241.24708,3051515.80452,,
1185184.42417,3051471.34387,,
1185105.28028,3051412.94839,,
1185035.1664,3051370.01237,,
1184939.6616,3051318.96967,,
1184821.78016,3051268.56161,,
1184748.07045,3051228.88967,,
1184683.68332,3051174.19846,,
1184628.5356,3051106.20299,,
1184601.70978,3051056.77039,,
1184577.0144,3050998.846,,
1184559.0428,3050908.58619,,
1184559.57194,3050862.1984,,